,precision,recall,f1-score,support
0,0.7592592592592593,0.771505376344086,0.7653333333333333,372.0
1,0.5478723404255319,0.5309278350515464,0.5392670157068062,194.0
accuracy,0.6890459363957597,0.6890459363957597,0.6890459363957597,0.6890459363957597
macro avg,0.6535657998423956,0.6512166056978161,0.6523001745200698,566.0
weighted avg,0.6868050856660737,0.6890459363957597,0.6878477050302481,566.0
