,precision,recall,f1-score,support
0,0.7869822485207101,0.7150537634408602,0.7492957746478874,372.0
1,0.5350877192982456,0.6288659793814433,0.5781990521327014,194.0
accuracy,0.6855123674911661,0.6855123674911661,0.6855123674911661,0.6855123674911661
macro avg,0.6610349839094778,0.6719598714111518,0.6637474133902944,566.0
weighted avg,0.7006438409780279,0.6855123674911661,0.6906513149872053,566.0
