,precision,recall,f1-score,support
0,0.7413333333333333,0.7473118279569892,0.7443105756358768,372.0
1,0.5078534031413613,0.5,0.503896103896104,194.0
accuracy,0.6625441696113075,0.6625441696113075,0.6625441696113075,0.6625441696113075
macro avg,0.6245933682373472,0.6236559139784946,0.6241033397659903,566.0
weighted avg,0.6613066434795479,0.6625441696113075,0.6619070287851418,566.0
