,precision,recall,f1-score,support
0,0.6521739130434783,0.6629834254143646,0.6575342465753425,181.0
1,0.8403141361256544,0.8337662337662337,0.8370273794002607,385.0
accuracy,0.7791519434628975,0.7791519434628975,0.7791519434628975,0.7791519434628975
macro avg,0.7462440245845663,0.7483748295902992,0.7472808129878017,566.0
weighted avg,0.7801491531258772,0.7791519434628975,0.7796276319774512,566.0
