,precision,recall,f1-score,support
0,0.6262626262626263,0.6850828729281768,0.6543535620052771,181.0
1,0.845108695652174,0.8077922077922078,0.8260292164674635,385.0
accuracy,0.7685512367491166,0.7685512367491166,0.7685512367491166,0.7685512367491166
macro avg,0.7356856609574001,0.7464375403601924,0.7401913892363703,566.0
weighted avg,0.77512435190746,0.7685512367491166,0.7711294047048209,566.0
