,precision,recall,f1-score,support
0,0.6486486486486487,0.6629834254143646,0.6557377049180327,181.0
1,0.8398950131233596,0.8311688311688312,0.835509138381201,385.0
accuracy,0.7773851590106007,0.7773851590106007,0.7773851590106007,0.7773851590106007
macro avg,0.7442718308860041,0.7470761282915979,0.7456234216496169,566.0
weighted avg,0.7787367234238495,0.7773851590106007,0.7780203937578203,566.0
