,precision,recall,f1-score,support
0,0.7716049382716049,0.7396449704142012,0.755287009063444,338.0
1,0.6363636363636364,0.6754385964912281,0.6553191489361703,228.0
accuracy,0.7137809187279152,0.7137809187279152,0.7137809187279152,0.7137809187279152
macro avg,0.7039842873176206,0.7075417834527147,0.7053030789998072,566.0
weighted avg,0.7171261099411865,0.7137809187279152,0.7150172703549309,566.0
