,precision,recall,f1-score,support
0,0.7667638483965015,0.7781065088757396,0.7723935389133627,338.0
1,0.6636771300448431,0.6491228070175439,0.6563192904656321,228.0
accuracy,0.726148409893993,0.726148409893993,0.726148409893993,0.726148409893993
macro avg,0.7152204892206723,0.7136146579466418,0.7143564146894974,566.0
weighted avg,0.7252377498378829,0.726148409893993,0.7256357144503193,566.0
