,precision,recall,f1-score,support
0,0.804093567251462,0.8136094674556213,0.8088235294117647,338.0
1,0.71875,0.706140350877193,0.7123893805309734,228.0
accuracy,0.7703180212014135,0.7703180212014135,0.7703180212014135,0.7703180212014135
macro avg,0.761421783625731,0.7598749091664072,0.7606064549713691,566.0
weighted avg,0.7697148864505198,0.7703180212014135,0.7699772644915873,566.0
