,precision,recall,f1-score,support
0,0.824773413897281,0.8076923076923077,0.8161434977578476,338.0
1,0.723404255319149,0.7456140350877193,0.7343412526997841,228.0
accuracy,0.7826855123674912,0.7826855123674912,0.7826855123674912,0.7826855123674912
macro avg,0.774088834608215,0.7766531713900136,0.7752423752288158,566.0
weighted avg,0.783939194540719,0.7826855123674912,0.7831913566390517,566.0
