,precision,recall,f1-score,support
0,0.8428927680798005,0.8284313725490197,0.8355995055624228,408.0
1,0.5757575757575758,0.6012658227848101,0.5882352941176471,158.0
accuracy,0.765017667844523,0.765017667844523,0.765017667844523,0.765017667844523
macro avg,0.7093251719186882,0.7148485976669149,0.711917399840035,566.0
weighted avg,0.7683214599757167,0.765017667844523,0.7665473051944466,566.0
