,precision,recall,f1-score,support
0,0.8194774346793349,0.8455882352941176,0.8323281061519904,408.0
1,0.5655172413793104,0.5189873417721519,0.5412541254125414,158.0
accuracy,0.7544169611307421,0.7544169611307421,0.7544169611307421,0.7544169611307421
macro avg,0.6924973380293227,0.6822877885331348,0.6867911157822659,566.0
weighted avg,0.74858395315742,0.7544169611307421,0.7510742387370912,566.0
