,precision,recall,f1-score,support
0,0.8691099476439791,0.8137254901960784,0.8405063291139241,408.0
1,0.5869565217391305,0.6835443037974683,0.6315789473684211,158.0
accuracy,0.7773851590106007,0.7773851590106007,0.7773851590106007,0.7773851590106007
macro avg,0.7280332346915548,0.7486348969967733,0.7360426382411727,566.0
weighted avg,0.7903462704479259,0.7773851590106007,0.7821838444570522,566.0
