,precision,recall,f1-score,support
0,0.7988505747126436,0.7533875338753387,0.7754532775453277,369.0
1,0.5825688073394495,0.6446700507614214,0.6120481927710844,197.0
accuracy,0.715547703180212,0.715547703180212,0.715547703180212,0.715547703180212
macro avg,0.6907096910260466,0.69902879231838,0.693750735158206,566.0
weighted avg,0.723572291722327,0.715547703180212,0.7185790695938684,566.0
