,precision,recall,f1-score,support
0,0.8192419825072886,0.7615176151761518,0.7893258426966292,369.0
1,0.6053811659192825,0.6852791878172588,0.6428571428571428,197.0
accuracy,0.734982332155477,0.734982332155477,0.734982332155477,0.734982332155477
macro avg,0.7123115742132855,0.7233984014967053,0.716091492776886,566.0
weighted avg,0.74480632726376,0.734982332155477,0.738346454236596,566.0
