,precision,recall,f1-score,support
0,0.82,0.7777777777777778,0.7983310152990264,369.0
1,0.6203703703703703,0.6802030456852792,0.648910411622276,197.0
accuracy,0.7438162544169611,0.7438162544169611,0.7438162544169611,0.7438162544169611
macro avg,0.7201851851851852,0.7289904117315285,0.7236207134606512,566.0
weighted avg,0.7505176024080618,0.7438162544169611,0.7463241974115356,566.0
