,precision,recall,f1-score,support
0,0.7759562841530054,0.7634408602150538,0.7696476964769648,372.0
1,0.56,0.5773195876288659,0.5685279187817258,194.0
accuracy,0.6996466431095406,0.6996466431095406,0.6996466431095406,0.6996466431095406
macro avg,0.6679781420765027,0.6703802239219598,0.6690878076293454,566.0
weighted avg,0.7019359323408445,0.6996466431095406,0.7007126489983846,566.0
