,precision,recall,f1-score,support
0,0.7506561679790026,0.7688172043010753,0.7596281540504648,372.0
1,0.5351351351351351,0.5103092783505154,0.5224274406332454,194.0
accuracy,0.6802120141342756,0.6802120141342756,0.6802120141342756,0.6802120141342756
macro avg,0.6428956515570688,0.6395632413257953,0.6410277973418551,566.0
weighted avg,0.6767850012445321,0.6802120141342756,0.6783261427378491,566.0
