,precision,recall,f1-score,support
0,0.6923076923076923,0.6464088397790055,0.6685714285714286,181.0
1,0.8387909319899244,0.8649350649350649,0.8516624040920716,385.0
accuracy,0.7950530035335689,0.7950530035335689,0.7950530035335689,0.7950530035335689
macro avg,0.7655493121488084,0.7556719523570352,0.76011691633175,566.0
weighted avg,0.7919473518088573,0.7950530035335689,0.7931121098001346,566.0
