,precision,recall,f1-score,support
0,0.7061855670103093,0.7569060773480663,0.7306666666666667,181.0
1,0.8817204301075269,0.8519480519480519,0.8665785997357992,385.0
accuracy,0.8215547703180212,0.8215547703180212,0.8215547703180212,0.8215547703180212
macro avg,0.7939529985589181,0.8044270646480591,0.798622633201233,566.0
weighted avg,0.825586489788452,0.8215547703180212,0.8231155964045042,566.0
