,precision,recall,f1-score,support
0,0.782991202346041,0.7899408284023669,0.7864506627393225,338.0
1,0.6844444444444444,0.6754385964912281,0.6799116997792494,228.0
accuracy,0.7438162544169611,0.7438162544169611,0.7438162544169611,0.7438162544169611
macro avg,0.7337178233952427,0.7326897124467975,0.7331811812592859,566.0
weighted avg,0.7432939217779067,0.7438162544169611,0.7435339073419786,566.0
