,precision,recall,f1-score,support
0,0.8128654970760234,0.8224852071005917,0.8176470588235294,338.0
1,0.7321428571428571,0.7192982456140351,0.7256637168141592,228.0
accuracy,0.7809187279151943,0.7809187279151943,0.7809187279151943,0.7809187279151943
macro avg,0.7725041771094403,0.7708917263573134,0.7716553878188444,566.0
weighted avg,0.7803482498944653,0.7809187279151943,0.7805936984381294,566.0
