,precision,recall,f1-score,support
0,0.8238805970149253,0.8165680473372781,0.8202080237741456,338.0
1,0.7316017316017316,0.7412280701754386,0.7363834422657952,228.0
accuracy,0.7862190812720848,0.7862190812720848,0.7862190812720848,0.7862190812720848
macro avg,0.7777411643083285,0.7788980587563583,0.7782957330199705,566.0
weighted avg,0.7867081918661476,0.7862190812720848,0.7864412312230786,566.0
