,precision,recall,f1-score,support
0,0.8717948717948718,0.8333333333333334,0.8521303258145364,408.0
1,0.6136363636363636,0.6835443037974683,0.6467065868263473,158.0
accuracy,0.7915194346289752,0.7915194346289752,0.7915194346289752,0.7915194346289752
macro avg,0.7427156177156178,0.7584388185654009,0.7494184563204418,566.0
weighted avg,0.7997294225209419,0.7915194346289752,0.7947858898425685,566.0
