,precision,recall,f1-score,support
0,0.8631840796019901,0.8504901960784313,0.8567901234567902,408.0
1,0.6280487804878049,0.6518987341772152,0.639751552795031,158.0
accuracy,0.7950530035335689,0.7950530035335689,0.7950530035335689,0.7950530035335689
macro avg,0.7456164300448975,0.7511944651278233,0.7482708381259107,566.0
weighted avg,0.7975456038775356,0.7950530035335689,0.7962033846501506,566.0
