,precision,recall,f1-score,support
0,0.8132183908045977,0.7669376693766937,0.7894002789400278,369.0
1,0.6055045871559633,0.6700507614213198,0.636144578313253,197.0
accuracy,0.7332155477031802,0.7332155477031802,0.7332155477031802,0.7332155477031802
macro avg,0.7093614889802805,0.7184942153990068,0.7127724286266404,566.0
weighted avg,0.740922243598271,0.7332155477031802,0.7360586304886593,566.0
