,precision,recall,f1-score,support
0,0.855072463768116,0.7994579945799458,0.8263305322128852,369.0
1,0.665158371040724,0.7461928934010152,0.7033492822966507,197.0
accuracy,0.7809187279151943,0.7809187279151943,0.7809187279151943,0.7809187279151943
macro avg,0.76011541740442,0.7728254439904805,0.764839907254768,566.0
weighted avg,0.7889716223064619,0.7809187279151943,0.7835261042385068,566.0
