,Drug,Recall,Precision,Balanced Accuracy,Selected Features
0,amphet,0.7173144876325088,0.7202409947048368,0.6912204855337545,"['age', 'country', 'cscore', 'impulsive', 'ss']"
1,canabis,0.7950530035335689,0.7933751715465722,0.7600631412786109,"['age', 'country', 'ethnicity', 'oscore', 'cscore', 'ss']"
2,ecstasy,0.7137809187279152,0.7133823115537219,0.7018322433302191,"['age', 'oscore', 'cscore', 'ss']"
3,legalh,0.7915194346289752,0.79075597497407,0.7811948510329078,"['age', 'gender', 'oscore', 'cscore', 'ss']"
4,lsd,0.8197879858657244,0.8253665697100855,0.789681062298337,"['age', 'country', 'ethnicity', 'oscore', 'ss']"
5,mushrooms,0.7756183745583038,0.7825621281005363,0.765211230792511,"['age', 'country', 'oscore', 'cscore', 'ss']"
6,All drugs,0.7143824644669494,0.6908757981525605,0.7482005023777233,
