,Drug,Recall,Precision,Balanced Accuracy
0,amphet,0.815112540192926,0.819986131022656,0.8066848722762701
1,canabis,0.8617363344051447,0.8599611369257253,0.832345971563981
2,ecstasy,0.8360128617363344,0.8355273442076623,0.8282399820045632
3,legalh,0.8086816720257235,0.811985187259446,0.8079553347224449
4,lsd,0.8231511254019293,0.8411314332691784,0.8178459571748162
5,mushrooms,0.8183279742765274,0.833944345529322,0.825497512437811
6,All drugs,0.8232818176016342,0.7509016852662386,0.819761605029981
