,Drug,Recall,Precision,Balanced Accuracy,Selected Features
0,amphet,0.7102473498233216,0.7068775694386911,0.6722785722203747,"['age', 'country', 'cscore', 'impulsive', 'ss']"
1,canabis,0.7561837455830389,0.7682082892838946,0.7402740905503337,"['age', 'country', 'ethnicity', 'oscore', 'cscore', 'ss']"
2,ecstasy,0.6996466431095406,0.6977323005758118,0.6842883836810962,"['age', 'oscore', 'cscore', 'ss']"
3,legalh,0.7473498233215548,0.7451504532360541,0.7313661372365826,"['age', 'gender', 'oscore', 'cscore', 'ss']"
4,lsd,0.7826855123674912,0.7822668802300471,0.7290425663936461,"['age', 'country', 'ethnicity', 'oscore', 'ss']"
5,mushrooms,0.7455830388692579,0.7518562298905794,0.730345425281664,"['age', 'country', 'oscore', 'cscore', 'ss']"
6,All drugs,0.6463576539124304,0.6661050367450961,0.7145991958939496,
