,Drug,Recall,Precision,Balanced Accuracy,Selected Features
0,amphet,0.6943462897526502,0.690412447334124,0.6540156301962088,"['age', 'country', 'cscore', 'impulsive', 'ss']"
1,canabis,0.7561837455830389,0.7682082892838946,0.7402740905503337,"['age', 'country', 'ethnicity', 'oscore', 'cscore', 'ss']"
2,ecstasy,0.6996466431095406,0.6977323005758118,0.6842883836810962,"['age', 'oscore', 'cscore', 'ss']"
3,legalh,0.7473498233215548,0.7451504532360541,0.7313661372365826,"['age', 'gender', 'oscore', 'cscore', 'ss']"
4,lsd,0.7332155477031802,0.7170381002759528,0.6346177711590966,"['age', 'country', 'ethnicity', 'oscore', 'ss']"
5,mushrooms,0.7455830388692579,0.7518562298905794,0.730345425281664,"['age', 'country', 'oscore', 'cscore', 'ss']"
6,All drugs,0.609361699325454,0.6482459744867415,0.6958179063508303,
