,Drug,Recall,Precision,Balanced Accuracy,Selected Features
0,amphet,0.7031802120141343,0.7003741543531689,0.6656689945682297,"['age', 'country', 'cscore', 'impulsive', 'ss']"
1,canabis,0.7561837455830389,0.7682082892838946,0.7402740905503337,"['age', 'country', 'ethnicity', 'oscore', 'cscore', 'ss']"
2,ecstasy,0.6996466431095406,0.6977323005758118,0.6842883836810962,"['age', 'oscore', 'cscore', 'ss']"
3,legalh,0.7473498233215548,0.7451504532360541,0.7313661372365826,"['age', 'gender', 'oscore', 'cscore', 'ss']"
4,lsd,0.7809187279151943,0.7809187279151943,0.7278170761975676,"['age', 'country', 'ethnicity', 'oscore', 'ss']"
5,mushrooms,0.7862190812720848,0.7864753309714133,0.7650599094823436,"['age', 'country', 'oscore', 'cscore', 'ss']"
6,All drugs,0.6480366184492107,0.6749657168300199,0.719079098619359,
