,precision,recall,f1-score,support
0,0.7819148936170213,0.7903225806451613,0.7860962566844919,372.0
1,0.5894736842105263,0.5773195876288659,0.5833333333333334,194.0
accuracy,0.7173144876325088,0.7173144876325088,0.7173144876325088,0.7173144876325088
macro avg,0.6856942889137738,0.6838210841370136,0.6847147950089126,566.0
weighted avg,0.7159544790854665,0.7173144876325088,0.7165980108715506,566.0
