,precision,recall,f1-score,support
0,0.7912087912087912,0.7741935483870968,0.7826086956521738,372.0
1,0.5841584158415841,0.6082474226804123,0.5959595959595959,194.0
accuracy,0.7173144876325088,0.7173144876325088,0.7173144876325088,0.7173144876325088
macro avg,0.6876836035251876,0.6912204855337545,0.6892841458058849,566.0
weighted avg,0.7202409947048368,0.7173144876325088,0.718633562541997,566.0
