,precision,recall,f1-score,support
0,0.7941176470588235,0.7983870967741935,0.7962466487935657,372.0
1,0.609375,0.6030927835051546,0.6062176165803108,194.0
accuracy,0.7314487632508834,0.7314487632508834,0.7314487632508834,0.7314487632508834
macro avg,0.7017463235294117,0.7007399401396741,0.7012321326869382,566.0
weighted avg,0.7307959623778839,0.7314487632508834,0.731113022911284,566.0
