,precision,recall,f1-score,support
0,0.6857142857142857,0.6629834254143646,0.6741573033707866,181.0
1,0.8439897698209718,0.8571428571428571,0.8505154639175257,385.0
accuracy,0.7950530035335689,0.7950530035335689,0.7950530035335689,0.7950530035335689
macro avg,0.7648520277676287,0.7600631412786109,0.7623363836441561,566.0
weighted avg,0.7933751715465722,0.7950530035335689,0.7941182429653,566.0
