,precision,recall,f1-score,support
0,0.7309941520467836,0.6906077348066298,0.7102272727272727,181.0
1,0.8582278481012658,0.8805194805194805,0.8692307692307693,385.0
accuracy,0.8197879858657244,0.8197879858657244,0.8197879858657244,0.8197879858657244
macro avg,0.7946110000740247,0.7855636076630552,0.789729020979021,566.0
weighted avg,0.8175400407057514,0.8197879858657244,0.8183833613383085,566.0
