,precision,recall,f1-score,support
0,0.7588235294117647,0.7633136094674556,0.7610619469026548,338.0
1,0.6460176991150443,0.6403508771929824,0.6431718061674009,228.0
accuracy,0.7137809187279152,0.7137809187279152,0.7137809187279152,0.7137809187279152
macro avg,0.7024206142634044,0.7018322433302191,0.7021168765350279,566.0
weighted avg,0.7133823115537219,0.7137809187279152,0.7135726322601851,566.0
