,precision,recall,f1-score,support
0,0.8197674418604651,0.834319526627219,0.8269794721407624,338.0
1,0.7477477477477478,0.7280701754385965,0.7377777777777778,228.0
accuracy,0.7915194346289752,0.7915194346289752,0.7915194346289752,0.7915194346289752
macro avg,0.7837575948041064,0.7811948510329078,0.7823786249592701,566.0
weighted avg,0.79075597497407,0.7915194346289752,0.7910466341288181,566.0
