,precision,recall,f1-score,support
0,0.7944444444444444,0.8461538461538461,0.819484240687679,338.0
1,0.7475728155339806,0.6754385964912281,0.7096774193548386,228.0
accuracy,0.7773851590106007,0.7773851590106007,0.7773851590106007,0.7773851590106007
macro avg,0.7710086299892125,0.7607962213225371,0.7645808300212589,566.0
weighted avg,0.7755632935759184,0.7773851590106007,0.7752511041790437,566.0
