,precision,recall,f1-score,support
0,0.8142857142857143,0.8431952662721893,0.8284883720930233,338.0
1,0.7546296296296297,0.7149122807017544,0.7342342342342342,228.0
accuracy,0.7915194346289752,0.7915194346289752,0.7915194346289752,0.7915194346289752
macro avg,0.7844576719576719,0.7790537734869718,0.7813613031636287,566.0
weighted avg,0.7902546413147119,0.7915194346289752,0.7905202741569739,566.0
