,precision,recall,f1-score,support
0,0.8883248730964467,0.8578431372549019,0.8728179551122195,408.0
1,0.6627906976744186,0.7215189873417721,0.6909090909090908,158.0
accuracy,0.8197879858657244,0.8197879858657244,0.8197879858657244,0.8197879858657244
macro avg,0.7755577853854326,0.789681062298337,0.7818635230106552,566.0
weighted avg,0.8253665697100855,0.8197879858657244,0.8220377421367878,566.0
