,precision,recall,f1-score,support
0,0.847457627118644,0.8130081300813008,0.8298755186721991,369.0
1,0.6745283018867925,0.7258883248730964,0.6992665036674817,197.0
accuracy,0.7826855123674912,0.7826855123674912,0.7826855123674912,0.7826855123674912
macro avg,0.7609929645027182,0.7694482274771985,0.7645710111698404,566.0
weighted avg,0.7872684450149783,0.7826855123674912,0.7844161971952921,566.0
