,Drug,Recall,Precision,Balanced Accuracy,Selected Features
0,amphet,0.6625441696113075,0.6613066434795479,0.6236559139784946,"['age', 'country', 'cscore', 'impulsive', 'ss']"
1,canabis,0.7773851590106007,0.7787367234238495,0.7470761282915979,"['age', 'country', 'ethnicity', 'oscore', 'cscore', 'ss']"
2,ecstasy,0.7137809187279152,0.7171261099411865,0.7075417834527147,"['age', 'oscore', 'cscore', 'ss']"
3,legalh,0.7756183745583038,0.7761288550592913,0.7678812415654521,"['age', 'gender', 'oscore', 'cscore', 'ss']"
4,lsd,0.7544169611307421,0.74858395315742,0.6822877885331348,"['age', 'country', 'ethnicity', 'oscore', 'ss']"
5,mushrooms,0.7438162544169611,0.7505176024080618,0.7289904117315285,"['age', 'country', 'oscore', 'cscore', 'ss']"
6,All drugs,0.6556446650926812,0.6481023971654594,0.7095722112588204,
