,Drug,Recall,Precision,Balanced Accuracy,Selected Features
0,amphet,0.6908127208480566,0.6952148921271912,0.663659793814433,"['age', 'country', 'cscore', 'impulsive', 'ss']"
1,canabis,0.7685512367491166,0.77512435190746,0.7464375403601924,"['age', 'country', 'ethnicity', 'oscore', 'cscore', 'ss']"
2,ecstasy,0.6996466431095406,0.6977323005758118,0.6842883836810962,"['age', 'oscore', 'cscore', 'ss']"
3,legalh,0.7756183745583038,0.7761288550592913,0.7678812415654521,"['age', 'gender', 'oscore', 'cscore', 'ss']"
4,lsd,0.7773851590106007,0.7903462704479259,0.7486348969967733,"['age', 'country', 'ethnicity', 'oscore', 'ss']"
5,mushrooms,0.715547703180212,0.723572291722327,0.69902879231838,"['age', 'country', 'oscore', 'cscore', 'ss']"
6,All drugs,0.6744432472188828,0.6521029549493144,0.7183217747893877,
