,Drug,Recall,Precision,Balanced Accuracy
0,amphet,0.8086816720257235,0.8124307018516465,0.797468282414519
1,canabis,0.8488745980707395,0.8478136814102432,0.8228672985781991
2,ecstasy,0.8327974276527331,0.8338468861485981,0.8292575811133605
3,legalh,0.8086816720257235,0.8103206279726195,0.8055617887481968
4,lsd,0.8263665594855305,0.8269827438574963,0.787050175775008
5,mushrooms,0.7942122186495176,0.7966155915742503,0.7800881953867028
6,All drugs,0.7805960456119085,0.7541216190232545,0.8037155536693309
