,Drug,Recall,Precision,Balanced Accuracy
0,amphet,0.797427652733119,0.8010246127860292,0.7845479888490641
1,canabis,0.8504823151125402,0.8492866001987505,0.8240521327014219
2,ecstasy,0.8327974276527331,0.8345340781462134,0.83050012318305
3,legalh,0.7942122186495176,0.7947525875032452,0.7885131164182294
4,lsd,0.8215434083601286,0.8253152073823347,0.7889101949504634
5,mushrooms,0.8038585209003215,0.8149194000052712,0.8040140208050656
6,All drugs,0.7889859135641396,0.7450291103029519,0.8034229294845491
