,Drug,Recall,Precision,Balanced Accuracy,Selected Features
0,amphet,0.6802120141342756,0.6767850012445321,0.6395632413257953,"['age', 'country', 'cscore', 'impulsive', 'ss']"
1,canabis,0.7950530035335689,0.7919473518088573,0.7556719523570352,"['age', 'country', 'ethnicity', 'oscore', 'cscore', 'ss']"
2,ecstasy,0.7031802120141343,0.7055317300582218,0.6950975812311845,"['age', 'oscore', 'cscore', 'ss']"
3,legalh,0.7862190812720848,0.7867081918661476,0.7788980587563583,"['age', 'gender', 'oscore', 'cscore', 'ss']"
4,lsd,0.7950530035335689,0.7975456038775356,0.7511944651278233,"['age', 'country', 'ethnicity', 'oscore', 'ss']"
5,mushrooms,0.7332155477031802,0.740922243598271,0.7184942153990068,"['age', 'country', 'oscore', 'cscore', 'ss']"
6,All drugs,0.681988446831563,0.6608552644231044,0.7231532523662006,
