,precision,recall,f1-score,support
0,0.7684210526315789,0.7849462365591398,0.776595744680851,372.0
1,0.5698924731182796,0.5463917525773195,0.5578947368421052,194.0
accuracy,0.7031802120141343,0.7031802120141343,0.7031802120141343,0.7031802120141343
macro avg,0.6691567628749293,0.6656689945682297,0.6672452407614782,566.0
weighted avg,0.7003741543531689,0.7031802120141343,0.7016346218527296,566.0
