,precision,recall,f1-score,support
0,0.7132352941176471,0.782258064516129,0.7461538461538462,372.0
1,0.4873417721518987,0.39690721649484534,0.4375,194.0
accuracy,0.6501766784452296,0.6501766784452296,0.6501766784452296,0.6501766784452296
macro avg,0.6002885331347729,0.5895826405054871,0.5918269230769231,566.0
weighted avg,0.6358088925958181,0.6501766784452296,0.6403608317477576,566.0
