,precision,recall,f1-score,support
0,0.7253886010362695,0.7526881720430108,0.7387862796833773,372.0
1,0.4888888888888889,0.4536082474226804,0.47058823529411764,194.0
accuracy,0.6501766784452296,0.6501766784452296,0.6501766784452296,0.6501766784452296
macro avg,0.6071387449625791,0.6031482097328456,0.6046872574887474,566.0
weighted avg,0.6443268622437044,0.6501766784452296,0.6468597415004862,566.0
