,precision,recall,f1-score,support
0,0.7597911227154047,0.782258064516129,0.7708609271523179,372.0
1,0.5573770491803278,0.5257731958762887,0.5411140583554376,194.0
accuracy,0.6943462897526502,0.6943462897526502,0.6943462897526502,0.6943462897526502
macro avg,0.6585840859478662,0.6540156301962088,0.6559874927538778,566.0
weighted avg,0.690412447334124,0.6943462897526502,0.692113767176002,566.0
