,precision,recall,f1-score,support
0,0.6028708133971292,0.6961325966850829,0.6461538461538462,181.0
1,0.84593837535014,0.7844155844155845,0.8140161725067384,385.0
accuracy,0.7561837455830389,0.7561837455830389,0.7561837455830389,0.7561837455830389
macro avg,0.7244045943736346,0.7402740905503337,0.7300850093302923,566.0
weighted avg,0.7682082892838946,0.7561837455830389,0.7603358172596121,566.0
