,precision,recall,f1-score,support
0,0.7413793103448276,0.7633136094674556,0.7521865889212829,338.0
1,0.6330275229357798,0.6052631578947368,0.6188340807174889,228.0
accuracy,0.6996466431095406,0.6996466431095406,0.6996466431095406,0.6996466431095406
macro avg,0.6872034166403037,0.6842883836810962,0.6855103348193858,566.0
weighted avg,0.6977323005758118,0.6996466431095406,0.6984686174186945,566.0
