,precision,recall,f1-score,support
0,0.7701492537313432,0.7633136094674556,0.7667161961367014,338.0
1,0.6536796536796536,0.6622807017543859,0.6579520697167756,228.0
accuracy,0.7226148409893993,0.7226148409893993,0.7226148409893993,0.7226148409893993
macro avg,0.7119144537054984,0.7127971556109207,0.7123341329267385,566.0
weighted avg,0.7232321710250089,0.7226148409893993,0.7229030851406888,566.0
