,precision,recall,f1-score,support
0,0.7900677200902935,0.8578431372549019,0.8225616921269097,408.0
1,0.5284552845528455,0.41139240506329117,0.4626334519572953,158.0
accuracy,0.7332155477031802,0.7332155477031802,0.7332155477031802,0.7332155477031802
macro avg,0.6592615023215695,0.6346177711590966,0.6425975720421024,566.0
weighted avg,0.7170381002759528,0.7332155477031802,0.7220870243763813,566.0
