,precision,recall,f1-score,support
0,0.8484107579462102,0.8504901960784313,0.8494492044063646,408.0
1,0.6114649681528662,0.6075949367088608,0.6095238095238095,158.0
accuracy,0.7826855123674912,0.7826855123674912,0.7826855123674912,0.7826855123674912
macro avg,0.7299378630495382,0.7290425663936461,0.7294865069650871,566.0
weighted avg,0.7822668802300471,0.7826855123674912,0.7824735641387962,566.0
