,precision,recall,f1-score,support
0,0.8118811881188119,0.803921568627451,0.8078817733990149,408.0
1,0.5061728395061729,0.5189873417721519,0.5125,158.0
accuracy,0.7243816254416962,0.7243816254416962,0.7243816254416962,0.7243816254416962
macro avg,0.6590270138124924,0.6614544551998014,0.6601908866995074,566.0
weighted avg,0.7265421084707608,0.7243816254416962,0.7254253772911626,566.0
