,precision,recall,f1-score,support
0,0.8205128205128205,0.7804878048780488,0.8,369.0
1,0.6232558139534884,0.6802030456852792,0.6504854368932039,197.0
accuracy,0.7455830388692579,0.7455830388692579,0.7455830388692579,0.7455830388692579
macro avg,0.7218843172331544,0.730345425281664,0.7252427184466019,566.0
weighted avg,0.7518562298905794,0.7455830388692579,0.7479604789186594,566.0
