,precision,recall,f1-score,support
0,0.8369565217391305,0.8346883468834688,0.835820895522388,369.0
1,0.6919191919191919,0.6954314720812182,0.6936708860759493,197.0
accuracy,0.7862190812720848,0.7862190812720848,0.7862190812720848,0.7862190812720848
macro avg,0.7644378568291612,0.7650599094823436,0.7647458907991687,566.0
weighted avg,0.7864753309714133,0.7862190812720848,0.7863446554853767,566.0
